{
  "requirements": [
    {
      "description": "1 - Crie as rotas necessárias para a aplicação",
      "bonus": false
    },
    {
      "description": "2 - Crie um formulário para identificação",
      "bonus": false
    },
    {
      "description": "3 - Crie um componente de cabeçalho",
      "bonus": false
    },
    {
      "description": "4 - Crie os links de navegação no cabeçalho",
      "bonus": false
    },
    {
      "description": "5 - Crie o formulário para pesquisar artistas",
      "bonus": false
    },
    {
      "description": "6 - Faça a requisição para pesquisar artistas",
      "bonus": false
    },
    {
      "description": "7 - Crie a lista de músicas do álbum selecionado",
      "bonus": false
    },
    {
      "description": "8 - Crie o mecanismo para adicionar músicas na lista de músicas favoritas",
      "bonus": false
    },
    {
      "description": "9 - Faça a requisição para recuperar as músicas favoritas ao entrar na página do Álbum",
      "bonus": false
    },
    {
      "description": "10 - Faça a requisição para recuperar as músicas favoritas e atualizar a lista após favoritar uma música",
      "bonus": false
    },
    {
      "description": "11 - Crie o mecanismo para remover músicas na lista de músicas favoritas",
      "bonus": false
    },
    {
      "description": "12 - Crie a lista de músicas favoritas",
      "bonus": true
    },
    {
      "description": "13 - Crie a exibição de perfil",
      "bonus": true
    },
    {
      "description": "14 - Crie o formulário de edição de perfil",
      "bonus": true
    }
  ]
}